{
    "months":[
        {
            "month": "Jan"
        },
        {
            "month": "Feb"
        },
        {
            "month": "March"
        },
        {
            "month": "April"
        },
        {
            "month": "May"
        },
        {
            "month": "June"
        },
        {
            "month": "July"
        },
        {
            "month": "Aug"
        },
        {
            "month": "Sept"
        },
        {
            "month": "Oct"
        },
        {
            "month": "Nov"
        },
        {
            "month": "Dec"
        }
    ]
}